{
    "Temporal Movement": {
        "acc": 0.25301204819277107,
        "num_example": 415
    },
    "2D-Geometry": {
        "acc": 0.29315068493150687,
        "num_example": 365
    },
    "3D-Geometry": {
        "acc": 0.27638190954773867,
        "num_example": 398
    },
    "Logical Operation": {
        "acc": 0.26208651399491095,
        "num_example": 393
    },
    "Mathematical": {
        "acc": 0.2564102564102564,
        "num_example": 936
    },
    "Spatial Relationship": {
        "acc": 0.2796610169491525,
        "num_example": 118
    },
    "Visual Instruction": {
        "acc": 0.26666666666666666,
        "num_example": 45
    },
    "Concrete Object": {
        "acc": 0.5666666666666667,
        "num_example": 30
    },
    "Overall": {
        "evaluation num": 2700,
        "acc": 0.26926
    }
}